URL,Hashtags
https://www.instagram.com//p/C44JTgQy0me/?next=%2F,"#instagram, #mahadevbhakt, #mahadevreels, #mahadevstatus, #trending, #explorepage, #viral, #harharmahadev"
https://www.instagram.com//p/C5u2B_rxQL2/?next=%2F,#WhistlePodu
https://www.instagram.com//p/C5Xi5lxRs1e/?next=%2F,"#darkacademia, #fyp, #literature, #poetry, #lifequotes, #moonlovers, #artist, #reelquotes, #movingon, #relationships, #heartbreakquotes, #academia, #lightacademia, #lailamajnu, #majnu, #laila, #pain, #apoetfromkashmir, #rockstarmovie"
https://www.instagram.com//p/C5QFpv-vW23/?next=%2F,"#v, #kimtaehyung, #bangtansonyeondan, #fyp, #fypã‚·, #viralreels, #trendingreels, #explorepage"
https://www.instagram.com//p/C4TK04USj_4/?next=%2F,"#jacquelinefernandezâ€™, #YimmyYimmy, #reelitfeelit, #jacquelinefernandez, #tayc, #shreyaghoshal"
https://www.instagram.com//p/C5OKPf7voy5/?next=%2F,#vkcouple04
https://www.instagram.com//p/C5aAbqApQH4/?next=%2F,"#lovequotes, #love, #trending, #explore, #explorepage, #reelsinstagram"
https://www.instagram.com//p/C4qWobAIqcD/?next=%2F,
https://www.instagram.com//p/C5dcPGiPfbb/?next=%2F,"#bts, #btsarmy, #btsarmyforever, #btsv, #kimtaehyung, #instagoods, #instagramgrowth, #trendingreels"
https://www.instagram.com//p/C2M653lvsHf/?next=%2F,"#radhe, #radheradhe, #radheradheâ¤ï¸, #radheshyamâ¤ï¸, #radheshyam, #radha, #radhakrishnan, #radharadha, #radharani, #premmandir, #explorepage, #explore, #vikimavi, #trending, #fyp, #foryou, #foryoupage, #vrindavan, #vrindavandham, #krishna, #kanha, #kanhaji, #bankebihari"
https://www.instagram.com//p/C40UOtDPu6a/?next=%2F,#explorepageâœ¨
https://www.instagram.com//p/C5kRPEoLioR/?next=%2F,"#shayari, #shayariquotes, #explorepage"
https://www.instagram.com//p/C4CP5YHvbOP/?next=%2F,"#reelinstagram, #explorepage, #lovequotes"
https://www.instagram.com//p/C5uyB4oO6Jy/?next=%2F,
https://www.instagram.com//p/C5n9yzvJcOl/?next=%2F,
https://www.instagram.com//p/C5Q-38SS2py/?next=%2F,
https://www.instagram.com//p/C5V3lNeyqaN/?next=%2F,"#photoshop, #artist, #50k, #first, #riifam, #fambruh, #jannatians, #danishzehen, #azlan_khann_, #faisu, #bride, #azlan_khann_, #mcstan, #arshifakhan, #team07, #100k, #fambruharmy, #riyaz14, #instagram, #avneetkaur, #saleheenfirdous, #jannatzubair, #nature, #art, #creater, #reactionboi, #rohittt_09_, #world, #keepsupporting, #anushkasen"
https://www.instagram.com//p/C2RcmKpJ3Bx/?next=%2F,"#tags, #musicvideo, #trending, #telugusongs, #telugudjmix, #telugudjsongs, #dj, #trendingreels, #trendingvideos, #telugufolksongstatus, #teluguactress, #telugumemes, #malayalam, #kerala, #tamil, #telugusongs"
https://www.instagram.com//p/C5FgoONowhk/?next=%2F,"#viralreels, #trendingreels, #duke390, #ktmduke"
https://www.instagram.com//p/C45kzHbIjey/?next=%2F,"#chickenlegpiece, #nonveglovers, #muttonlovers, #instafood, #instastar, #instagood, #ulhaskamthe"
https://www.instagram.com//p/C5SRCfVviKG/?next=%2F,"#v, #kimtaehyung, #bangtansonyeondan, #fyp, #fypã‚·, #viralreels, #trendingreels, #explorepage"
https://www.instagram.com//p/C24Yks4PZvH/?next=%2F,"#trending, #video, #viral, #friendship, #funnyreels, #funny, #sbhuebros"
https://www.instagram.com//p/C5TQPf6NVPf/?next=%2F,"#explore, #viral, #reels, #snoring, #snore, #howthingswork, #howthingsaremade, #explainingthings"
https://www.instagram.com//p/C2piUy-tMHW/?next=%2F,
https://www.instagram.com//p/C2zMir-PrpI/?next=%2F,"#explore, #explorepage, #trending, #trendingreels, #lyrics, #lyricsreels, #lyricsedits, #aesthesics, #aesthesicsreels, #instagood, #instagram, #instagramreels, #its_ashish_creater, #viral, #viralreels"
https://www.instagram.com//p/C5BoiM7ILCq/?next=%2F,"#insta, #instareels"
https://www.instagram.com//p/C4mhtWHSVFn/?next=%2F,"#actorsurya, #okamarukalisina_andham, #okamaarukalisinaandhamsongğŸ¶â¤ï¸, #trendingaudio, #trending, #trend, #reels, #viralreels, #song, #tollywood, #explorepage, #explore"
https://www.instagram.com//p/C2KjQt9PeAY/?next=%2F,#
https://www.instagram.com//p/C4edqnlStAg/?next=%2F,"#thepkg09rider, #explorepage, #explore, #explopage, #exploremore, #reelitfeelit, #reelinstagram, #reelkofeelkaro, #featureme, #ktmduke390, #ktmindia, #ktmduke250, #ktmrc200, #ktmduke200, #ktmlovers, #ktmlove, #ktmofficial, #ktmofficialindia, #bikeride, #bikegram__kerala, #trendingreels, #trending, #dukelover, #vairalreels, #reelindia, #karala, #karalrider, #reelkarofeelkaroâ¤, #thepkg09rider"
https://www.instagram.com//p/C4XDTyMR9_I/?next=%2F,#sadstatus
https://www.instagram.com//p/C5lGrGCIOqS/?next=%2F,"#gym, #gymmemes, #gymbro, #gymaddict"
https://www.instagram.com//p/C5gH_mgPYvA/?next=%2F,"#trendingreels, #trendingaudio, #trendingaudios, #celebrity, #santoormom, #rubinadilaik, #BossladyRubina, #viralvideos, #viral, #foryoupage, #foryou, #celebrity, #savage, #queenrubina, #podcast, #relatives, #myniche, #Rubiholics, #reelsinstagram, #reelitfeelit, #inderchahal, #chalbhajjchaliye"
https://www.instagram.com//p/C5i2BVGpHO1/?next=%2F,
https://www.instagram.com//p/C5V4h50J890/?next=%2F,"#reels, #reelsinstagram, #reelitfeelit, #reelsindia, #couplegoals, #couple, #goals, #wedding, #relatable"
https://www.instagram.com//p/C5S2IuGrluk/?next=%2F,"#reels, #reelsinstagram, #viral, #explore, #explorepage, #reelitfeelit, #reelkarofeelkaro"
https://www.instagram.com//p/C4W6n3Wxqor/?next=%2F,"#Instagram, #Odia, #funny, #Status, #video"
https://www.instagram.com//p/C5DMyfOoF8g/?next=%2F,
https://www.instagram.com//p/C3aMLfgp3EB/?next=%2F,"#duke390â¤ï¸, #duke250, #duke200ğŸ–¤ğŸ–¤, #dukereels, #duke125, #ktmindia, #dukelovers, #reelkarofeelkaro, #featureme, #ktmlover, #bikelovers, #ktmindiaofficial, #bikersofinstagram, #ridersofkerala, #ridersofi"
https://www.instagram.com//p/C30GDBcJn6L/?next=%2F,
https://www.instagram.com//p/C5WEmYCv2g5/?next=%2F,#reels#fyb#video#kimtaehyung#btslover
https://www.instagram.com//p/C5k-Kzryhvh/?next=%2F,"#hardikpandya, #hardikpandya93, #gtvsrr, #ipl, #cricket, #hardik, #telugu, #captain, #cricketfans, #hardikpandyafc, #kungfupandya, #rohitsharma, #bengali, #shubmangill"
https://www.instagram.com//p/C5kkOsTrnEE/?next=%2F,"#varunaliaforever, #varundhwan, #aliabhatt, #varunians, #aliaabhattmagic, #varundvn_smarty, #varundhawanrocks, #varundvncuteness, #varuniacs_world, #varundvnn_fc"
https://www.instagram.com//p/C5npTyQiTmX/?next=%2F,
https://www.instagram.com//p/C4bLiketuwr/?next=%2F,
https://www.instagram.com//p/C3NR4pIv754/?next=%2F,"#reelitfeelit, #feelthesong, #cute, #winter, #reels"
https://www.instagram.com//p/C5f_SwexHBD/?next=%2F,"#love, #lifepartner, #lovestaus, #loveatfirstsight, #trendingreels, #trendingsongs, #trendingreels, #ai, #artificialintelligence, #splender, #splenderlover, #anime, #animeedition, #instagram, #whatsappstatus, #friendship, #dosti, #dostistatus, #friendshipgoals, #tamilwhatsappstatus, #haryanvistatus"
https://www.instagram.com//p/C29lVe0vMHY/?next=%2F,"#bdarmyğŸ‡§ğŸ‡©, #bangtanboys, #kimtaehyung, #bangtanboys, #btsforever"
https://www.instagram.com//p/C3fTKMwP1D9/?next=%2F,"#4kstatus, #nature, #viral, #video, #shorts, #4kstatus, #nature, #viral, #video, #shorts, #reels, #reels"
https://www.instagram.com//p/C5jLMBGhyp6/?next=%2F,"#kakashi, #hatakekakashi, #kakashihatake, #hatake, #shinobi, #leafshinobi, #anbu, #hokage, #kakashiart, #kakashiarts, #kakashiedit, #kakashiedits, #susanoo, #sharingan, #chidori, #naruto, #narutoshippuden, #narutoedit, #narutoedits, #animeedit, #animeedits, #skvmart, #kaizukiedit, #artworksclub, #reizeiclub, #zoro, #narutodrawings, #narutoamv"
https://www.instagram.com//p/C5YGX9DtbdV/?next=%2F,
https://www.instagram.com//p/C5eU8OJukYc/?next=%2F,"#morningmotivation, #morningwalk, #cute"
https://www.instagram.com//p/C4UT3AFS42_/?next=%2F,"#hindisongs, #lyricsvideo, #love, #spotify, #nostalgia, #algorithms, #instagood, #reelkarofeelkaro, #instadaily, #instagood, #instagram, #foryou, #foryoupage, #exercise, #explore, #explorepage, #whatsappstatus, #vibe, #trendingreels, #viralvideos, #matlabi, #asthetic, #fyp"
https://www.instagram.com//p/C5dwhoSyAje/?next=%2F,"#akkinationğŸŒ™, #newpostğŸ˜, #banswara_shoutout, #reactionboiğŸ’«, #pose_maker, #ganeshnationğŸŒ™ï¸, #starboinationğŸŒ™, #outfitoftheday, #simplelook, #mumbai, #original, #trending, #viratkharadi8384, #streetphotogryindia, #contentcreator, #gujjulove, #followtrainhyper, #udaipurlove, #deepugarasiya, #digitel"
https://www.instagram.com//p/C5XoeGZLFaH/?next=%2F,"#deepakians, #nita, #faisusquad, #riyaz, #avneetkaur, #carryminati, #arshifakhan, #luckydancer, #tusharsilawat, #reels, #anjaliarora, #danishzehen, #awezdarbar, #riyaz14, #jannatzubair, #addylovers, #team07, #faizfa, #nishaguragain97, #faisusquadâ¤ï¸, #teamhk, #anjimaxu, #foryou, #keeploving, #keepsupporting, #trending, #reactionboi, #tiktok, #kbye, #carryminati, #deepakians, #deepakians, #nita, #faisusquad, #riyaz, #avneetkaur, #reels, #arshifakhan, #luckydancer, #tusharsilawat, #jannatzubair, #anjaliarora, #danishzehen, #awezdarbar, #riyaz14, #nishaguragain97, #addylovers, #team07, #faizfa, #faisusquadâ¤ï¸, #keepsupporting, #teamhk, #anjimaxu, #foryou, #trending, #reactionboi, #09xğŸ˜ ğŸ”«ğŸ’¯ğŸ˜"
https://www.instagram.com//p/C5i0u7np-xE/?next=%2F,"#gulzar_poetry, #gulzar, #shayari, #love, #poetry, #quotes, #lovequotes, #writer, #instagram, #sad, #urdupoetry, #hindishayari, #shayar, #writersofinstagram, #shayarilover, #followforfollowback, #thoughts, #follow, #instadaily, #loveyourself, #poetrycommunity, #hindi, #hindiquotes, #hindipoetry, #life, #likes, #writing, #shayariquotes, #shayri, #sadshayari"
https://www.instagram.com//p/C5KaBUPvgGx/?next=%2F,"#shorts, #shortvideo, #sonu3032s"
https://www.instagram.com//p/C5oI5QkPLnU/?next=%2F,
https://www.instagram.com//p/C4J90_gv8fU/?next=%2F,"#inatagramreelsâ¤ï¸, #love, #cute, #status, #viral, #lovebites, #instagood, #lovely, #arijitsingh, #heart, #hearttouching, #newsong, #lyrics, #instalyricsvideo, #trending, #viral, #instagood, #instareels, #bollywoodsongs, #hindisongs, #lovestatus, #sadreels, #anime, #cartoonlyrics, #â¤ï¸â˜ºï¸, #ğŸ¥°, #ğŸ•ŠğŸ¥€, #trending, #trendingsongs, #feelings, #friendship, #friends, #dosti, #ğŸ¥°"
https://www.instagram.com//p/C4ZPl5NBtO9/?next=%2F,"#odiamuser, #odiareels, #odiastatu, #odia, #view, #instagram, #tagsomeone, #tagyourlove, #trendingreels, #trendingsongs, #viral, #instagram, #love, #odisha, #viralreels, #, #odisha, #odiasong, #odisha, #view, #trending, #viral, #, #cristianoronaldo, #odiasong, #odiareels, #odia, #odiamusic, #odiacomedy, #odiastatus, #odiacouple, #odiareelsvideo"
https://www.instagram.com//p/C3SX6DYBn-w/?next=%2F,"#loveğŸ’ğŸ’ğŸ’, #loveyourself, #lovelifelines, #loveyourselfquotes, #loveislove, #lovediary, #momlove, #dadlove, #bollywoodshayari, #pyar, #lovediaryğŸ’•, #love.emotions_9, #lovethem, #friendshipğŸ’™, #friends, #loverpage, #onesidelovers, #loveforever, #lovesit, #loveforever, #loveshayri, #lovequotes, #loveqoutesforhim, #loveheart, #loveisland, #loveislifeğŸ’•"
https://www.instagram.com//p/C5sYjyzJ58P/?next=%2F,
https://www.instagram.com//p/C4N-PFnoId0/?next=%2F,"#civilengineering, #civilengineer, #concrete, #buildings, #contstruction, #building, #engineer, #engineering, #architecture, #architect, #architecturelovers, #architects, #architectural, #interiordesign, #interiordesigner, #interior, #interiors, #engenhariacivil, #engenharia, #engcivil, #projeto, #engenheiro, #arquiteturaeurbanismo, #construÃ§Ã¢o, #construÃ§Ã¢o, #arquitetura, #arquiteturadeinteriore"
https://www.instagram.com//p/C5vJM5Kymte/?next=%2F,"#brokenğŸ’”, #brokenfriendship, #brokenheartstatus, #sadshayari, #sadsongsğŸ’”, #viralsadreelsğŸ’”, #moodoffğŸ˜”ğŸ’”, #explorepageâœ¨, #explorepage, #alonestatus, #bewafashayari, #bewafa, #sadboy, #loveshayari, #newtrending, #trendingreels, #moviequotes, #dosti, #bestfriends, #jigriyaarâ¤ï¸, #brekupstatus, #2mviews, #instagood, #instagram, #reels, #trendingreels, #reelsvideo, #feelings, #bhojpuri, #mom, #lovesong"
https://www.instagram.com//p/C5sHTuIo6w_/?next=%2F,#Deadpool.
https://www.instagram.com//p/C5tEeA0vnX8/?next=%2F,
https://www.instagram.com//p/C30STHiLTIt/?next=%2F,"#friendship, #friendshipgoals, #friendship, #friends, #frnds, #lovestaus"
https://www.instagram.com//p/C5n9Q1MyKOY/?next=%2F,"#AmarSinghChamkilaOnNetflix, #rajnishkhanuja"
https://www.instagram.com//p/C3P6aKNo3sM/?next=%2F,"#dard, #reelsinstagram, #reelkarofeelkaro, #reelitfeelit, #lyricalvideo, #trending, #popular"
https://www.instagram.com//p/C5vY6ICLHtW/?next=%2F,#kanguva
https://www.instagram.com//p/C4kwNUPNwqz/?next=%2F,
https://www.instagram.com//p/C5nK6rGoeyn/?next=%2F,"#instagram, #trend, #trending, #explore, #viral, #shayari, #shayeri, #writes, #writer, #writers, #mr_writes_009_, #abbu, #papa, #love, #you, #fatherhood, #feel, #lines, #respect, #izzat"
https://www.instagram.com//p/C5iY6eCS9yU/?next=%2F,"#jaymatajiğŸ™, #jaimatadiâ¤, #mataraniğŸ‘£, #maa, #maadurga, #lovequotes, #maakali, #kali, #kalimaa, #ambemaa, #navratrispecial, #viral, #reels, #trending, #newpost, #viralpostâ¤ï¸"
https://www.instagram.com//p/C5oOWl2IGJc/?next=%2F,
https://www.instagram.com//p/C5aIm8ep8sP/?next=%2F,"#chaeunwoo, #eunwoo, #ãƒãƒ£ã‚¦ãƒŒ, #ASTRO, #ì•„ìŠ¤íŠ¸ë¡œ, #ì°¨ì€ìš°, #ì€ìš°, #leedongmin, #ì´ë™ë¯¼, #ã‚¤ãƒ‰ãƒ³ãƒŸãƒ³, #prince, #ç‹å­æ§˜, #adorable, #facegenius, #ì›ë”í’€ì›”ë“œ, #wonderfulworld, #kwonseonyul, #ê¶Œì„ ìœ¨"
https://www.instagram.com//p/C3fRAD2t0VR/?next=%2F,"#â¤ï¸â€ğŸ©¹ğŸ¥ºğŸ¥€âœ¨ğŸ”_ğ“¶ğ“²ğ“¼ğ“¼_ğ”‚ğ“¸ğ“¾_ğ”–ğŸ’™ğŸ˜â¤ï¸â€ğŸ©¹ğŸ¥€ğŸ¥€ğŸ”¥ğŸ’¯ğŸ’¯ğŸ–¤ğŸ–¤, #ğŸ–¤ğŸ¥ºğŸ¥€â¤ï¸â€ğŸ©¹Ù€Ù€Ù€Ù€Ù€Ù€Ù€Ù€Ù€Ù€Ù€Ù€Ù€Ù€ÛÛÛÙ€Ù¨Ù€Ù€Ù€Ù¨, #â¤ï¸â€ğŸ©¹ğŸ–‡ğŸ‘€ğŸŒğŸ¥°_______________â—€ï¸followâ—€ï¸_like______â¤___follow__me__, #ğŸ¥€ğŸ¥€à¤…à¤§à¥‚à¤°à¥€_à¤®à¥‹à¤¹à¤¬à¥à¤¬à¤¤ğŸ¥ºğŸ’”ğŸ¥€"
https://www.instagram.com//p/C5fGdoYRVxL/?next=%2F,"#Instagram, #Odia, #Love, #Status, #video"
